Informazioni cronologiche,Indirizzo email,name,località,comune,provincia,lat (xx.xxxxx),lon (xx.xxxxx),altitudine slm (m.),lunghezza lato nord (m.),lunghezza lato est (m.),lunghezza lato sud (m.),lunghezza lato ovest (m.),"diametro (m.), in caso di neviera a conca",spessore dei muri (m.),altezza fuori terra (m.),url piantina ,descrizione,stato di conservazione,epoca di costruzione,url foto scheda,rilevatore,indicazioni per raggiungerla,profondità (m.),url album fotografico
25/05/2018 0.54.53,,Amormino,San Giovanni Gemini,San Giovanni Gemini,AG,37.61861,13.63444,680,,,,,15,3,5,,Neviera con mura di arretramento della superiore elevazione. ,Ottima,,,Giuseppe Traina,,8,
09/06/2019 16.37.41,,Cammarata \ 1,Monte Cammarata,Cammarata,AG,37.62057,13.60985,1490,,,,,"20,2",,"5,7",,"neviera a conca, ricavata in una insenatura naturale ed un bordo artificiale con muro a secco, strutturato con cinque anelli disposti a gradoni, l'ultimo anello nella base è largo 180 cm, mentre nella parte superiore misura 160 cm. L'anello superiore presenta un largo varco di accesso, ampio 280 cm, esposto a nord. Questo ingresso fa ipotizzare che la neviera fosse munita di copertura. ","quasi ottimo, a parte gli alberi che vi sono stati piantati dentro",,https://live.staticflickr.com/65535/48031762227_99fd89d6be_o.jpg,Luigi Romana,"Raggiunto il Secondo Rifugio, percorrendo il sentiero Cammarata, si arriva alla neviera.","4,5",https://www.flickr.com/photos/158049534@N08/albums/72157709005359257
09/06/2019 16.45.53,,Cammarata \ 2,Monte Cammarata,San Giovanni Gemini,AG,37.61862,13.61865,1185,,,,,"15,3",,,,neviera a conca con muro a secco a tronco di cono rovesciato ,"quasi buono, a parte un piccolo crollo nel lato nord del muretto",,https://live.staticflickr.com/65535/48076035926_f2b2b32c95_b.jpg,Luigi Romana; Gianpaolo Rizzitello,sotto una curva a gomito sulla rotabile che porta in cima al Monte Cammarata,"2,4",
24/03/2018 22.27.45,,Cammarata \ 3,Monte Cammarata,Cammarata,AG,37.62452,13.60913,1364,,,,,19,,,,Neviera a conca,ottimo,,,Luigi Romana,,"4,5",
13/07/2019 13.30.43,,Cammarata \ 4,Monte Cammarata ,San Giovanni Gemini,AG,37.61375,13.60818,1451,,,,,"19,5",,,,"Neviera a conca con i bordi a pietra a secco. Una rampa a falce consentiva un comodo accesso fino al suo fondo facilitando l'estrazione dei blocchi di ghiaccio da caricare sui muli. Proprio accanto alla neviera vi è la base a muro a secco del tipico pagliaro siciliano che serviva come riparo al custode della neviera, misura m 6x4.",Buono,,https://live.staticflickr.com/65535/48285634752_6bd900584c.jpg,Luigi Romana,"Osservando i sentieri di Monte Cammarata, scegliere quello che conduce nel versante ovest. una vecchia mulattiera conduce fino alla neviera. ",4,https://www.flickr.com/photos/158049534@N08/albums/72157709645240697
25/05/2018 1.11.58,,La Rocca,San Giovanni Gemini,San Giovanni Gemini,AG,37.63157,13.64093,643,,,,,10,,,,Una delle neviere dei La Rocca. La foto presente in questa scheda - da cui è possibile stimare che il diametro originario fosse di circa 25 m - è l'unica in Sicilia che documenta il lavoro dei nevaioli durante la fase di conservazione della neve.,,Fine '800.,https://live.staticflickr.com/65535/48076143117_76a6c4aefc_b.jpg,Giuseppe Traina,"Parco Comunale Largo dei Pini, nel comune di San Giovanni Gemini,  (AG). ",6,
07/07/2019 22.53.02,,Nuvi \ 1,Nuvi,Caltabellotta,AG,37.57888,13.20933,894,,,,,6,,,,"La neviera è quasi colma di materiali vari gettati dentro, a causa di ciò è impossibile rilevarne la profondità",Ripulita dovrebbe trovarsi in buono stato di conservazione,,https://live.staticflickr.com/65535/48233542772_fccee0620a.jpg,Luigi Romana ha eseguito il rilevamento grazie alla cortese disponibilità e indicazioni di Enzo Mulè,"Raggiunta la sommità dell'abitato, si prosegue la strada rotabile a nord della montagna, proprio dietro il santuario di San Pellegrino, nel lato sinistro della strada vi è la neviera.",,
07/07/2019 22.28.49,,Nuvi \ 2,Nuvi,Caltabellotta,AG,37.57933,13.21120,835,,,,,6,,,,Neviera a conca,Difficile dare una descrizione esatta poiché i foltissimi rovi coprono del tutto sia la neviera che l'area circostante,,,"Luigi Romana, rilevamento efettuato grazie alle preziose indicazioni e alla cortese collabrazione di Enzo Mulè",Vedi le indicazioni di Nuvi \ 1. Trovasi circa 100 m più avanti di Nuvi \ 1.,"1,5",
07/07/2019 22.44.58,,Nuvi \ 3,Nuvi,Caltabellotta,AG,37.57934,13.21317,835,,,,,,,,,Di questa neviera non è rimasta alcuna traccia visibile. I dati della geolocalizzazione sono approssimativi. ,"Di questa neviera non è rimasta alcuna traccia visibile, probabilmente a causa dell'adattamento del suolo alle esigenze dei lavori agricoli. Ma la neviera è attestata da una vecchia foto. Inoltre nella zona di Nuvi potrebbero rintracciarsi i resti di altre neviere, ma i folti rovi ne impediscono una buona osservazione.",,https://live.staticflickr.com/65535/48233465726_5be36edb23.jpg,"Luigi Romana. Grazie alla collalborazione dell'amico Enzo Mulè, profondo conoscitore del territorio di Caltabellotta.",,,https://www.flickr.com/photos/158049534@N08/albums/72157709516192082
22/03/2018 21.02.57,,Rose \ 4,Monte Rose,Bivona,AG,37.65917,13.39463,1295,,,,,20,,,,Neviera a conca. Nb tutte le neviere di Monte Rose sono state rilevate grazie alle indicazioni dell'anziano nevaiolo Giacomo Nicoletti e alla cortese collaborazione del dr Giovanni Vacante e del suo fratello Ignazio.,buono,,,Luigi Romana,,"1,5",
24/03/2018 22.35.42,,Mussomeli,Contrada Monticelli,Mussomeli,CL,37.58380,13.72777,810,16,"8,5",,,,,,,Neviera a edificio,pessimo stato di conservazione,,,Luigi Romana,,4,
29/03/2018 17.38.44,,Casa del Vescovo,Piano del Vescovo,Zafferana Etnea,CT,37.69694,15.02515,1680,,,,,,,,,Si tratta di neviere utilizzate all'interno di varie cavità laviche di forma irregolare.,Buono,Utilizzate fino al 1967.,,Salvo De Luca,"Si percorre la SP 92 via Cassone Zafferana Etnea-Rifugio Sapienza. Si imbocca il sentiero n. 763 ""Casa del Vescovo-M. Serra Pizzuta. Le grotte si trovano a circa 50 mt sulla sinistra. ",,
02/05/2018 22.51.50,,Colle del Re \ 1,Colle del Re,Barcellona Pozzo di Gotto,ME,38.08255,15.24968,,,,,,,,,,"Neviera a conca ovale con il lato largo ampio m 10.7 ,  mentre il lato corto è m  7.8  . uno dei lati è protetto da un muretto a secco.",,,,Luigi Romana,,"2,5",
02/05/2018 23.00.37,,Colle del Re \ 2,Colle del Re,Barcellona Pozzo di Gotto,ME,38.08340,15.25033,,,,,,19,,,,"Neviera a conca, ha una forma curiosa poiché il bordo della conca si allarga a corona formando un anello molto ampio ",buono,,,Luigi Romana,,"3,2",
02/05/2018 23.04.55,,Colle del Re \ 3,Colle del Re,Barcellona Pozzo di Gotto,ME,38.08322,15.24812,,,,,,"12,5",,,,Neviera a conca,discreto,,,Luigi Romana,,"1,8",
02/05/2018 23.10.20,,Colle del Re \ 4,Colle del Re,Barcellona Pozzo di Gotto,ME,38.08382,15.24687,,,,,,12,,,,"Neviera a conca con il bordo rinforzato con muretto a secco. NB, proprio accanto a questa neviera ve ne sono altre 4, della stessa dimensione. ",buono,,https://farm1.staticflickr.com/824/40065344280_61b49dda2f_k.jpg,Luigi Romana,,3,https://www.flickr.com/photos/158049534@N08/albums/72157695744949674
28/06/2019 18.33.31,,Dazio \ 1 o Croce Cumia \ 1,Dinnammare,Messina,ME,38.17823,15.47623,870,,,,,"9,3",,,,Neviera a pozzo con il bordo a muro a secco e scaletta di accesso.,buono,,https://live.staticflickr.com/65535/48155818237_d6d824d13d.jpg,"Luigi Romana. Neviera geolocalizzata da Mario Sarica: fondatore e curatore scientifico del Museo di Cultura e Musica Popolare dei Peloritani di villaggio Gesso-Messina; autore di ""Le neviere dei Peloritani. Appunti di ricerca"" in ""Dialoghi Mediterranei"" n. 34 novembre 2018.","Prima di arrivare al Parco Avventura, a sinistra inizia la Stradella di Croce Cumia. Nella vicinanze dello stradale c'è la neviera","3,3",https://www.flickr.com/photos/158049534@N08/albums/72157709323881256
28/06/2019 18.35.17,,Dazio \ 2 o Croce Cumia \ 2,Dinnammare,Messina,ME,38.17933,15.47607,842,,,,,"8,2",,,,Neviera a pozzo con il bordo a muro a secco e scaletta di accesso,buono,,https://live.staticflickr.com/65535/48168738206_83aed02b9f.jpg,"Luigi Romana. Neviera geolocalizzata da Mario Sarica: fondatore e curatore scientifico del Museo di Cultura e Musica Popolare dei Peloritani di villaggio Gesso-Messina; autore di ""Le neviere dei Peloritani. Appunti di ricerca"" in ""Dialoghi Mediterranei"" n. 34 novembre 2018.","Prima di arrivare al Parco Avventura, a sinistra inizia la Stradella di Croce Cumia. Nella vicinanze dello stradale c'è la neviera",3,https://www.flickr.com/photos/158049534@N08/albums/72157709355885707
28/06/2019 18.37.44,,Dinnammare \ 1,Dinnammare,Saponara,ME,38.16030,15.46335,1085,,,,,"5,2",,,,Neviera a pozzo con il bordo a muro a secco e scaletta di accesso,buono,,https://live.staticflickr.com/65535/48170920276_ec805627dd.jpg,"Luigi Romana. Neviera geolocalizzata da Mario Sarica: fondatore e curatore scientifico del Museo di Cultura e Musica Popolare dei Peloritani di villaggio Gesso-Messina; autore di ""Le neviere dei Peloritani. Appunti di ricerca"" in ""Dialoghi Mediterranei"" n. 34 novembre 2018.","Sotto uno degli ultimi tornanti che conducono al Santuario di Dinnammare, già dalla strada si vede questa neviera e la sua gemella.","2,6",https://www.flickr.com/photos/158049534@N08/albums/72157709361293897
28/06/2019 18.39.55,,Dinnammare \ 2,Dinnammare,Saponara,ME,38.16030,15.46330,1085,,,,,11,,,,"Neviera a pozzo con i bordi a muro a secco, munita di scaletta di accesso",Discreto. Nel lato sud buona parte del bordo è crollato,,https://live.staticflickr.com/65535/48170920276_ec805627dd.jpg,"Luigi Romana. Neviera geolocalizzata da Mario Sarica: fondatore e curatore scientifico del Museo di Cultura e Musica Popolare dei Peloritani di villaggio Gesso-Messina; autore di ""Le neviere dei Peloritani. Appunti di ricerca"" in ""Dialoghi Mediterranei"" n. 34 novembre 2018.","Sotto uno degli ultimi tornanti che conducono al Santuario di Dinnammare, già dalla strada si vede questa neviera e la sua gemella.","3,5",https://www.flickr.com/photos/158049534@N08/albums/72157709361293897
28/06/2019 18.30.14,,Ebbi Viddi,Dinnammare,Messina,ME,38.16977,15.46575,906,,,,,11,,,,Neviera a pozzo con il bordo a muro a secco e scaletta di accesso.,Buono anche se nel lato nord vi è una piccola frana; la neviera si trova in buon stato di conservazione grazie anche al personale del Parco Avventura che ne cura periodicamente la pulizia.,,https://live.staticflickr.com/65535/48171495752_56fac99504.jpg,"Luigi Romana. Neviera geolocalizzata da Mario Sarica: fondatore e curatore scientifico del Museo di Cultura e Musica Popolare dei Peloritani di villaggio Gesso-Messina; autore di ""Le neviere dei Peloritani. Appunti di ricerca"" in ""Dialoghi Mediterranei"" n. 34 novembre 2018.",Si trova proprio accanto al Parco Avventura,3,https://www.flickr.com/photos/158049534@N08/albums/72157709363056136
03/07/2019 12.05.01,,Licastro \ 1,Licastro,Sant'Angelo di Brolo,ME,38.09961,14.87101,830,,,,,,,,,descrizione non disponibile al momento,,,,"Michele Fasolo, Basilio Segreto",,,
03/07/2019 12.07.02,,Licastro \ 2,Licastro,Sant'Angelo di Brolo,ME,38.10079,14.87109,820,,,,,,,,,descrizione non disponibile al momento,,,,"Michele Fasolo, Basilio Segreto",,,
10/03/2018 12.53.25,,Mandanici,Pizzo Mualìo,Santa Lucia del Mela,ME,38.03297,15.29177,1085,,,,,15,,,,Neviera a conca,"discreto, ma parecchi alberi sono cresciuti dentro la neviera",,,Luigi Romana,Da Mandanici si prosegue con l'auto su una provinciale verso Santa Lucia del Mela.,3,
14/03/2018 22.07.30,,Monte Fossa Neve \ 1,Monte Fossa Neve,Sant'Angelo di Brolo,ME,38.10153,14.91833,1059,,,,,17,,,,Neviera a conca  che si legge a stento,pessimo,,,Luigi Romana,,,
14/03/2018 22.14.46,,Monte Fossa Neve \ 2,Monte Fossa Neve,Montagnareale,ME,38.10060,14.91998,1075,,,,,,,,,"Di questa neviera a conca si ha solo memoria, è poco leggibile e cancellata da opere varie effettuate nel suolo, dove restano i segni di una vegetazione particolare a cerchio che ricorda la posizione la forma della neviera.",,,,Luigi Romana,,,
08/03/2018 1.46.45,,Monte Fossa Neve \ 3,Monte Fossa Neve,Librizzi,ME,38.09575,14.92160,1015,,,,,,,,,Neviera ad edificio di pianta rettangolare,diruta,,https://farm3.staticflickr.com/2930/14789037053_14d756ff2f_k.jpg,Luigi Romana,da Sant'Angelo di Brolo il percorso più agevole,,https://www.flickr.com/photos/29806052@N06/albums/72157646042269603
12/03/2018 12.40.31,,Monte Scuderi \ 1,Monte Scuderi,Itala,ME,38.06432,15.40175,1242,,,,,7,,,,Neviera a conca,discreto,,,Luigi Romana,,2,
12/03/2018 12.47.19,,Monte Scuderi \ 2,Monte Scuderi,Itala,ME,38.06228,15.40367,1240,,,,,,,,,"Neviera rettangolare con muretto interno, 6m x 8m",discreto,,,Luigi Romana,,,
12/03/2018 12.50.40,,Monte Scuderi \ 3,Monte Scuderi,Itala,ME,38.06235,15.40388,1240,,,,,7,,,,Neviera a pozzo con il bordo a muretto in pietra a secco,discreto,,,Luigi Romana,,,
12/03/2018 13.17.10,,Monte Scuderi \ 4,Monte Scuderi ,Itala,ME,38.06292,15.40330,1400,,,,,8,,,,"Neviera a conca, ",discreto,,,Luigi Romana,,,
12/03/2018 21.35.13,,Monte Scuderi \ 5,Moonte Scuderi,Itala,ME,38.06345,15.40290,,,,,,,,,,Neviera a conca di cui non dispongo le misure,,,,Luigi Romana,,,
12/03/2018 21.38.10,,Monte Scuderi \ 6,Monte Scuderi,Itala,ME,38.06418,15.40340,,,,,,,,,,"Resti di un vasto edificio rettangolare, probabilmente utilizzato come neviera",,,,Luigi Romana,,,
12/03/2018 21.41.30,,Monte Scuderi \ 7,Monte Scuderi,Itala,ME,38.07038,15.40767,,,,,,11,,,,Neviera a conca,discreto,,,Luigi Romana,,,
19/03/2018 21.50.26,,Monte Scuderi \ 8,Monte Scuderi,Itala,ME,38.07097,15.40807,1033,,,,,,,,,Neviera a conca,buono,,,Sebastiano D'Aquino,,,
09/03/2018 23.11.37,,Novara di Sicilia \ 1,Novara di Sicilia,Novara di Sicilia,ME,37.99990,15.14012,,,,,,"4,5",,,,Neviera a conca,discreto,,,Luigi Romana,Lasciare Novara di Sicilia e proseguire verso Rocca Salvatesta,"2,6",
09/03/2018 23.17.41,,Novara di Sicilia \ 2,Novara di Sicilia,Novara di Sicilia,ME,37.99783,15.14478,,,,,,9,,,,Neviera a conca,discreto,,,Luigi Romana,Superata Novara di Sicilia si prosegue verso Rocca Salvatesta,2,
09/03/2018 23.23.43,,Novara di Sicilia \ 3,Novara di Sicilia,Novara di Sicilia,ME,38.00388,15.12968,,,,,,10,,,,Neviera a conca,"non buono, quasi colma di materiale.",,,Luigi Romana,Superata Novara di Sicilia si prosegue verso Rocca Salvatesta,"1,1",
28/06/2019 17.53.27,,Pizzo Dinnammare \ 1,Dinnammare,Messina,ME,38.15692,15.46345,1100,,,,,"6,2",,,,Neviera a pozzo. Le pareti sono a muro a secco e con scaletta di accesso,discreto,,https://live.staticflickr.com/65535/48173874587_84e6bb8170.jpg,"Luigi Romana. Neviera geolocalizzata da Mario Sarica: fondatore e curatore scientifico del Museo di Cultura e Musica Popolare dei Peloritani di villaggio Gesso-Messina; autore di ""Le neviere dei Peloritani. Appunti di ricerca"" in ""Dialoghi Mediterranei"" n. 34 novembre 2018.","Si oltrepassa il santuario di Dinnammare, superato il pizzo, nel pianoro ci sono due neviere","2,1",https://www.flickr.com/photos/158049534@N08/albums/72157709368516976
28/06/2019 17.59.48,,Pizzo Dinnammare \ 2,Dinnammare,Messina,ME,38.15695,15.46353,1100,,,,,9,,,,Neviera a pozzo. Le pareti sono a muro a secco e con scaletta di accesso,Buono. Un tratto del bordo nord è stato rifatto forse in seguito ad uno smottamento,,https://live.staticflickr.com/65535/48173874587_84e6bb8170.jpg,"Luigi Romana. Neviera geolocalizzata da Mario Sarica: fondatore e curatore scientifico del Museo di Cultura e Musica Popolare dei Peloritani di villaggio Gesso-Messina; autore di ""Le neviere dei Peloritani. Appunti di ricerca"" in ""Dialoghi Mediterranei"" n. 34 novembre 2018.","Si oltrepassa il santuario di Dinnammare, superato il pizzo, nel pianoro ci sono due neviere","2,6",https://www.flickr.com/photos/158049534@N08/albums/72157709368516976
10/03/2018 13.04.17,,Santa Lucia del Mela \ 1,Pizzo della Croce,Santa Lucia del Mela,ME,38.07720,15.32402,,,,,,13,,,,"Neviera a edificio rotondo, detto in dialetto ""cubuluni"", ma restano solo le murature sotto il piano di calpestio; senza una ripulitura è impossibile stimarne la profondità.",pessimo,,,Luigi Romana,Il rilevatore è stato accompagnato da due  cittadini di Santa Lucia del Mela: il dr Nicola Amico  e il dr Rosario Torre.,"3,6",
10/03/2018 13.10.42,,Santa Lucia del Mela \ 2,Pizzo della Croce,Santa Lucia del Mela,ME,38.07658,15.32430,,,,,,7,,,,Neviera a conca con muro protettivo interno,"pessimo, servirebbe saggio per comprendere la profondità originaria.",,,Luigi Romana ,Come la neviera \ 1 dello stesso Comune di Santa Lucia del Mela,4,
28/06/2019 18.07.40,,Strada Militare \ 1 o Via del Quadro \ 1,Dinnammare,Messina,ME,38.15862,15.46875,987,,,,,10,,,,Neviera a pozzo con il bordo a muro a secco e scaletta di accesso,discreto,,https://live.staticflickr.com/65535/48178628742_323a69d517.jpg,"Luigi Romana. Neviera geolocalizzata da Mario Sarica: fondatore e curatore scientifico del Museo di Cultura e Musica Popolare dei Peloritani di villaggio Gesso-Messina; autore di ""Le neviere dei Peloritani. Appunti di ricerca"" in ""Dialoghi Mediterranei"" n. 34 novembre 2018.","Prima di raggiugere il Santuario di Dinnammare, sulla curva inizia la stradella chiamata via Militare o Via del Quadro. Giunti al primo bivio si va a sinistra.",3,https://www.flickr.com/photos/158049534@N08/albums/72157709379523986
28/06/2019 18.13.17,,Strada Militare \ 2 o Via del Quadro \ 2,Dinnammare,Messina,ME,38.15797,15.46932,967,,,,,11,,,,Neviera a pozzo con il bordo a muro a secco e scaletta di accesso,discreto,,https://live.staticflickr.com/65535/48178556881_dd0fa77b1a.jpg,"Luigi Romana. Neviera geolocalizzata da Mario Sarica: fondatore e curatore scientifico del Museo di Cultura e Musica Popolare dei Peloritani di villaggio Gesso-Messina; autore di ""Le neviere dei Peloritani. Appunti di ricerca"" in ""Dialoghi Mediterranei"" n. 34 novembre 2018.","Prima di raggiugere il Santuario di Dinnammare, sulla curva inizia la stradella chiamata via Militare o Via del Quadro. Giunti al primo bivio si va a sinistra.","2,3",https://www.flickr.com/photos/158049534@N08/albums/72157709379362247
28/06/2019 18.26.20,,Zirio' \ 1,Dinnammare,Saponara,ME,38.17597,15.46822,816,,,,,"7,5",,,,Neviera a pozzo con il bordo a muro a secco e scaletta di accesso. ,buono,,https://live.staticflickr.com/65535/48183973337_a4c2dea3e1.jpg,"Luigi Romana. Neviera geolocalizzata da Mario Sarica: fondatore e curatore scientifico del Museo di Cultura e Musica Popolare dei Peloritani di villaggio Gesso-Messina; autore di ""Le neviere dei Peloritani. Appunti di ricerca"" in ""Dialoghi Mediterranei"" n. 34 novembre 2018.","Salendo per il Santuario di Dinnammare, a destra si incontra il cancello della sede forestale di Ziriò. Seguire il sentiero che porta alla neviera.",3,https://www.flickr.com/photos/158049534@N08/albums/72157709392619021
28/06/2019 18.27.13,,Zirio' \ 2,Dinnammare,Saponara,ME,38.17597,15.46826,816,,,,,"4,5",,,,"Questa neviera è molto rovinata; quasi riempita da materiali di risulta di manutenzione del bosco, si trova a tre metri di distanza dalla neviera Ziriò \1",Pessimo,,https://live.staticflickr.com/65535/48183973337_a4c2dea3e1.jpg,Luigi Romana,"Salendo per il Santuario di Dinnammare, a destra si incontra il cancello della sede forestale di Ziriò. Seguire il sentiero che porta alla neviera.","1,3",https://www.flickr.com/photos/158049534@N08/albums/72157709392619021
20/03/2018 21.51.44,,Alia,Alia,Alia,PA,37.78432,13.73472,863,,,,,20,,,,Neviera a conca,,,,Luigi Romana,,"2,2",
22/03/2018 19.49.15,,Barracu' \ 1,Monte Barracù,Corleone,PA,37.74310,13.33365,1402,16,19,,,,,,,Neviera a fossa rettangolare,,,,Luigi Romana,,"1,6",
22/03/2018 20.27.51,,Barracu' \ 10,Monte Barracù,Palazzo Adriano,PA,37.73592,13.34073,1410,,,,,15,,,,Neviera a conca,buono,,,Luigi Romana,,"3,1",
22/03/2018 20.31.23,,Barracu' \ 11,Monte Barracù,Corleone,PA,37.73535,13.33633,1394,,,,,18,,,,Neviera a conca,buono,,,Luigi Romana,,"3,3",
22/03/2018 19.52.03,,Barracu' \ 2,Monte Barracù,Palazzo Adriano,PA,37.73623,13.34210,1401,19,11,,,,,,,Neviera a fossa rettangolare,buono,,,Luigi Romana,,3,
22/03/2018 19.54.49,,Barracu' \ 3,Monte Barracù,Corleone,PA,37.73523,13.33453,1336,"8,6",18,,,,,,,Neviera a fossa rettangolare,,,,Luigi Romana,,"2,7",
22/03/2018 20.09.56,,Barracu' \ 4,Monte Barracù,Corleone,PA,37.73597,13.33512,1343,19,12,,,,,,,Neviera a fossa rettangolare,buono,,,Luigi Romana,,"3,2",
22/03/2018 20.12.53,,Barracu' \ 5,Monte Barracù,Corleone,PA,37.74268,13.33437,1404,,,,,17,,,,Neviera a conca,buono,,,Luigi Romana,,"2,2",
22/03/2018 20.15.53,,Barracu' \ 6,Monte Barracù,Corleone,PA,37.73772,13.34188,1400,,,,,14,,,,Neviera a conca,buono,,,Luigi Romana,,"2,4",
22/03/2018 20.19.13,,Barracu' \ 7,Monte Barracù,Corleone,PA,37.73817,13.34333,1372,,,,,12,,,,Neviera a forma di semicerchio,pessimo,,,Luigi Romana,,"0,8",
22/03/2018 20.22.53,,Barracu' \ 8,Monte Barracù,Palazzo Adriano,PA,37.73595,13.34127,1404,,,,,14,,,,Neviera a conca,discreto,,,Luigi Romana,,"1,5",
22/03/2018 20.25.18,,Barracu' \ 9,Monte Barracù,Palazzo Adriano,PA,37.73590,13.34117,1404,,,,,6,,,,Neviera a conca,discreto,,,Luigi Romana,,"1,5",
20/03/2018 22.39.58,,Belmonte,Belmonte Mezzagno,Belmonte Mezzagno,PA,38.03817,13.38277,781,,,,,13,,,,Neviera a conca,discreto,,,Luigi Romana,,"1,75",
21/03/2018 23.19.48,,Busambra \ 1,Rocca Busambra,Monreale,PA,37.85787,13.39472,1154,23,13,,,,,,,"Neviera a fossa rettangolare, non è rilevabile la profondità",pessimo,,,Luigi Romana,,,
21/03/2018 23.22.49,,Busambra \ 2,Rocca Busambra,Monreale,PA,37.85782,13.39572,1166,20,13,,,,,,,"Neviera a fossa rettangolare, la profondità non è rilevabile",pessimo,,,Luigi Romana,,,
21/03/2018 23.26.00,,Busambra \ 3,Rocca Busambra,Godrano,PA,37.85208,13.41805,1249,21,14,,,,,,,Neviera a fossa rettangolare,buono,,,Luigi Romana,,"1,8",
14/03/2018 22.23.35,,Caltavuturo \ 1,Rocca di Sciara,Caltavuturo ,PA,37.82375,13.89713,1025,,,,,17,,,,Neviera a conca nei pressi di un antico eremo,discreto,,,Luigi Romana,,"1,4",
14/03/2018 22.28.25,,Caltavuturo \ 2,Terravecchia,Caltavuturo ,PA,37.82570,13.89040,673,,,,,14,,,,Neviera a conca,"pessime condizioni, le dimensioni si basano sul ricordo dell'anziano Salvatore Palagonia che ha indicato la posizione della neviera e le sue dimensioni",,,Luigi Romana,,4,
20/03/2018 22.08.39,,Cane \ 1,Monte Cane,Caccamo,PA,37.93762,13.58383,1208,,,,,13,,,,Neviera a conca,discreto,,,Luigi Romana,,"1,5",
20/03/2018 22.11.18,,Cane \ 2,Monte Cane,Caccamo,PA,37.94002,13.58435,1176,,,,,11,,,,Neviera a conca,discreto,,,Luigi Romana,,1,
20/03/2018 22.14.23,,Cane \ 3,Monte Cane,Caccamo,PA,37.94195,13.58450,1161,,,,,11,,,,Neviera a conca,discreto,,,Luigi Romana,,"1,2",
20/03/2018 22.19.21,,Cane \ 4,Monte Cane,Caccamo,PA,37.93870,13.58257,1189,,,,,16,,,,Neviera a conca,buono,,,Luigi Romana,,"1,7",
20/03/2018 22.22.28,,Cane \ 5,Monte Cane,Caccamo,PA,37.93845,13.58188,1184,,,,,14,,,,Neviera a conca,buono,,,Luigi Romana,,"1,7",
20/03/2018 22.25.20,,Cane \ 6,Monte Cane,Caccamo,PA,37.93840,13.58032,1161,,,,,9,,,,Neviera a conca,,,,Luigi Romana,,"2,2",
20/03/2018 22.27.54,,Cane \ 7,Monte Cane,Ventimiglia di Sicilia,PA,37.94210,13.57348,1146,,,,,14,,,,Neviera a conca,buono,,,Luigi Romana,,"2,6",
20/03/2018 22.30.41,,Cane \ 8,Monte Cane  ,Ventimiglia di Sicilia,PA,37.94157,13.57253,1129,,,,,13,,,,Neviera a conca,,,,Luigi Romana,,"1,5",
20/03/2018 22.36.30,,Cane \ 9,Monte Cane,Ventimiglia di Sicilia,PA,37.94065,13.57317,1120,,,,,11,,,,"Neviera a conca. Queste neviere di Mone Cane sono state rilevate grazie alle indicazioni dell'anziano gelataio di Caccamo  sig. Giorgio Parrinello. Inoltre il sig. Domenico Sapienza, nato nel 1909, ricorda l'attività dei nevaioli su Monte Cane.",buono,,,Luigi Romana,,"1,6",
12/04/2018 20.44.48,,Carbonara \ 1,Pizzo Carbonara,Isnello,PA,37.88683,14.01955,1810,,,,,24,,,,Neviera a conca,,,,Luigi Romana,,3,
12/04/2018 20.47.31,,Carbonara \ 2,Pizzo Carbonara,Isnello,PA,37.88708,14.01968,1810,,,,,"23,4",,,,Neviera a conca,,,,Luigi Romana,,"2,3",
12/04/2018 20.50.26,,Carbonara \ 3,Pizzo Carbonara,Isnello,PA,37.88775,14.02070,1844,,,,,22,,,,Neviera a conca,,,,Luigi Romana,,"2,4",
12/04/2018 20.53.00,,Carbonara \ 4,Pizzo Carbonara,Isnello,PA,37.88832,14.02043,1851,,,,,23,,,,Neviera a conca,,,,Luigi Romana,,"2,1",
12/04/2018 20.55.54,,Carbonara \ 5,Pizzo Carbonara,Petralia Sottana,PA,37.89158,14.02688,1894,,,,,27,,,,Neviera a conca,,,,Luigi Romana,,,
12/04/2018 20.59.27,,Carbonara \ 6,Pizzo Carbonara,Petralia Sottana,PA,37.88677,14.02898,1840,,,,,40,,,,Neviera a conca o dolina? Presenta un diametro superiore ai 40 m,,,,Luigi Romana,,,
12/04/2018 21.02.54,,Carbonara \ 7,Pizzo Carbonara,Petralia Sottana,PA,37.88598,14.03162,1833,,,,,35,,,,Neviera a conca o dolina? il diametro supera  i 35 m,,,,Luigi Romana,,,
12/04/2018 21.06.47,,Carbonara \ 8,Pizzo Carbonara,Petralia Sottana,PA,37.88640,14.03333,1770,,,,,,,,,"Resta il dubbio se si tratti di una neviera, a causa dei tanti alberi presenti nel fondo.",,,,Luigi Romana,,,
17/03/2018 20.54.48,,Castellaro \ 1,Monte Castellaro - Madonie,Isnello,PA,37.89420,13.97050,1310,19,21,,,,,,,Neviera a fossa rettangolare,discreto,,,Luigi Romana,,"1,8",
17/03/2018 21.02.03,,Castellaro \ 2,Monte Castellaro - Madonie,Isnello,PA,37.90282,13.96742,1010,19,21,,,,,,,Neviera a fossa rettangolare,discreto,,,Luigi Romana,,"1,7",
17/03/2018 21.06.11,,Castellaro \ 3,Monte Castellaro - Madonie,Collesano,PA,37.89785,13.95680,1180,20,19,27,,,,,,Neviera a fossa di forma irregolare,,,,Luigi Romana,,"1,4",
19/03/2018 21.36.25,,Castellaro \ 4,Monte Castellaro - Madonie,Collesano,PA,37.89372,13.95145,1292,,,,,19,,,,Neviera a conca,discreto,,,Luigi Romana,,"1,8",
17/03/2018 21.16.35,,Castellaro \ 5,Monte Castellaro - Madonie,Isnello,PA,37.90268,13.96732,1010,,,,,8,,,,Neviera a conca,discreto,,,Luigi Romana,,"2,1",
19/03/2018 21.25.55,,Catarineci,Pizzo Catarineci - Madonie,Polizzi Generosa,PA,37.83572,13.97440,1624,42,24,,,,,,,"Neviera di forma rettangolare, l'anziano sig Simone Chichi se la ricorda a forma di tramoggia, profonda circa 7 metri.",pessimo,,,Luigi Romana,,"1,5",
23/03/2018 20.23.41,,Cuccio \ 1,Monte Cuccio,Palermo,PA,38.11153,13.25523,863,14,8,,,,,,,Neviera a fossa rettangolare,discreto,,,Luigi Romana,,"1,5",
23/03/2018 20.26.38,,Cuccio \ 2,Monte Cuccio,Palermo,PA,38.11173,13.25567,833,,,,,8,,,,Neviera a conca,discreto,,,Luigi Romana,,3,
14/03/2018 22.38.46,,Furchi \ 1,Contrada Furchi,Castellana Sicula,PA,37.81002,14.02680,1151,,,,,16,,,,Neviera a conca,buono,,https://farm1.staticflickr.com/910/42002597442_a0aacaf483_z.jpg,Luigi Romana,"Con l'auto superare  Nociazzi e poi Piano Mulino per circa un Km, poi proseguire a piedi verso la cima della collina",4,
14/03/2018 22.42.17,,Furchi \ 2,Contrada Furchi,Castellana Sicula,PA,37.81010,14.02688,1150,,,,,16,,,,Neviera a conca,buono,,,Luigi Romana,Vedi le indicazioni per la neviera Furchi \ 1,"3,7",
14/03/2018 22.47.17,,Furchi \ 3,Contrada Furchi,Polizzi Generosa,PA,37.81053,14.02545,1148,,,,,"2,5",,,,Neviera a conca,buono,,,Luigi Romana,vedi neviera Furchi \ 1,12,
14/03/2018 22.52.19,,Furchi \ 4,Contrada Furchi,Polizzi Generosa,PA,37.81087,14.02427,1140,,,,,15,,,,Neviera a conca,buono,,,Luigi Romana,,"3,2",
14/03/2018 22.55.45,,Furchi \ 5,Contrada Furchi,Polizzi Generosa,PA,37.81092,14.02410,1141,,,,,10,,,,Neviera a conca,buono,,,Luigi Romana,vedi indicazioni per neviera Furchi \ 1,3,
22/03/2018 21.07.34,,Gallinaro,Pizzo Gallinaro,Palazzo Adriano,PA,37.63395,13.34868,1186,,,,,18,,,,"Neviera a conca,  rilevata grazie alle indicazioni  e alla collaborazione del dr Giovanni Vacante e del suo fratello Ignazio",buono,,,Luigi Romana,,"2,5",
20/03/2018 21.47.50,,Gangi,Gangi,Gangi,PA,37.80110,14.20622,845,6,"3,5",,,,,,,Neviera a edificio,pessimo. il tetto a volta della neviera è crollato e la neviera è colma di materiale di vario genere.,,,Luigi Romana,,,
20/03/2018 22.47.50,,Genuardo \ 1,Monte Genuardo,Contessa Entellina,PA,37.69663,13.19500,1056,,,,,13,,,,Neviera a conca,buono,,,Luigi Romana,,4,
20/03/2018 22.51.11,,Genuardo \ 2,Monte Genuardo,Contessa Entellina,PA,37.69615,13.19350,1068,,,,,10,,,,Neviera a conca,buono,,,Luigi Romana,,"2,6",
20/03/2018 22.54.08,,Genuardo \ 3,Monte Genuardo,Contessa Entellina,PA,37.69623,13.16955,978,,,,,14,,,,Neviera a conca,buono,,,Luigi Romana,,"2,7",
20/03/2018 22.44.44,,Gibilmesi,Monte Gibilmesi,Monreale,PA,38.06473,13.21568,1120,,,,,3,,,,Neviera a conca. Secondo i documenti di archivio su questo monte vi erano 5 neviere. I lavori eseguiti negli ultimi decenni hanno cancellato le antiche neviere. ,buono,,,Luigi Romana,,"2,5",
20/03/2018 21.38.08,,Gratteri,Gratteri,Gratteri,PA,37.96302,13.97440,692,,,,,,,,,"Neviera a conca, distante circa 100 rispetto alla posizione segnalata; impossibile osservarla da vicino in quanto ricade su terreno privato ben recintato e inaccessibile",,,,Luigi Romana,,,
22/03/2018 19.45.33,,Leardo \ 1,Monte leardo,Piana Degli Albanesi,PA,37.96493,13.33345,749,,,,,13,,,,"Neviera a conca, difficile misurare la profondità a causa dei rovi presenti",discreto,,,Luigi Romana,,,
22/03/2018 19.41.50,,Leardo \ 2,Monte leardo,Piana Degli Albanesi,PA,37.96130,13.33417,818,,,,,13,,,,Neviera a conca,discreto,,,Luigi Romana,,"1,6",
19/03/2018 21.04.32,,Luminario \ 1,Cozzo Luminario - Madonie,Castelbuono,PA,37.90228,14.05655,1530,,,,,25,,,,Neviera a conca,buono,,,Luigi Romana,,3,
19/03/2018 21.07.31,,Luminario \ 2,Cozzo Luminario - Madonie,Petralia Sottana,PA,37.90418,14.04908,1632,,,,,19,,,,Neviera a conca,buono,,,Luigi Romana,,5,
17/03/2018 20.07.08,,Madonna dell'Alto \ 1,Madonna dell'Alto - Madonie,Petralia Sottana,PA,37.83563,14.05327,1698,,,,,11,,,,Neviera a conca,pessimo,,,Luigi Romana,"Seguire le indicazioni per il Santuario di Madonna dell'Alto, dal versante Nociazzi-Castellana o dal versante di Petralia Sottana.","0,5",
17/03/2018 20.11.47,,Madonna dell'Alto \ 2,Madonna dell'Alto - Madonie,Castellana Sicula,PA,37.83543,14.05077,1708,,,,,11,,,,Neviera a conca,Pessimo,,,Luigi Romana,Vedi NEVIERA Madonna dell'Alto \ 1,"0,5",
17/03/2018 20.16.56,,Madonna dell'Alto \ 3,Madonna dell'Alto - Madonie,Castellana Sicula,PA,37.83523,14.05065,1733,,,,,11,,,,"Neviera a conca, individuata grazie ai ricordi del sig Gioacchino Russo di Calcarelli.",discreto,,,Luigi Romana,Vedi indicazioni per Madonna dell'Alto \ 1,2,
15/03/2018 22.25.29,,Marabilici \ 1,Vallone Marabilici - Madonie,Polizzi Generosa,PA,37.87730,13.97333,1590,14,20,,,,,,,"Un fossa rettangolare, quasi colma",pessimo,,,Luigi Romana,Si può andare seguendo le indicazioni di Neviera Piano Cervi \ 1,"0,7",
15/03/2018 22.31.09,,Marabilici \ 2,Vallone Marabilici - Madonie,Isnello,PA,37.87863,13.98067,1549,16,22,,,,,,,Neviera a fossa rettangolare,pessimo,,,Luigi Romana,Vedi Indicazioni per neviera Piano Cervi \ 1 ,"0,6",
16/03/2018 19.35.18,,Marabilici \ 3,Vallone Marabilici - Madonie,Polizzi Generosa,PA,37.87117,13.97940,1638,,,,,14,,,,Neviera a conca,pessimo,,,Luigi Romana,Vedi Neviera Marabilici \ 1,1,
16/03/2018 19.40.03,,Marabilici \ 4,Vallone Marabilici - Madonie,Polizzi Generosa,PA,37.88017,13.97272,1627,,,,,19,,,,Neviera a conca,discreto,,,Luigi Romana,Vedi Neviera Marabilici \ 1,"1,7",
16/03/2018 19.43.53,,Marabilici \ 5,Vallone Marabilici - Madonie,Isnello,PA,37.87850,13.97833,1559,,,,,18,,,,Neviera a conca,discreto,,,Luigi Romana,Vedi Neviera Marabilici \ 1,"1,3",
16/03/2018 19.51.43,,Marabilici \ 6,Vallone Marabilici - Madonie,Isnello,PA,37.87957,13.98230,1547,,,,,8,,,,"Neviera a conca, quasi totalmente colmata, ma affiora il bordo del muretto interno",pessimo,,,Luigi Romana,Vedi Neviera Marabilici \ 1,,
19/03/2018 21.40.08,,Marabilici \ 7,Vallone Marabilici - Madonie,Isnello,PA,37.87805,13.98287,1550,,,,,10,,,,Neviera a conca,pessimo,,,Luigi Romana,Vedi Neviera Marabilici \ 1,"0,7",
14/03/2018 22.33.05,,Monte Fanusi,Monte Fanusi,Scillato,PA,37.85857,13.92312,657,4,5,,,,,,,Neviera a fossa rettangolare,,,,Luigi Romana,,"1,2",
19/03/2018 21.10.58,,Pelata \ 1,Valle Pelata - Madonie,Isnello,PA,37.89515,14.01893,1884,,,,,25,,,,Neviera a conca,,,,Luigi Romana,,"2,1",
19/03/2018 21.14.35,,Pelata \ 2,Valle Pelata - Madonie,Isnello,PA,37.89512,14.02083,1893,,,,,18,,,,Neviera a conca,,,,Luigi Romana,,"1,8",
19/03/2018 21.33.39,,Piano Battaglia,Piano Battaglia - Madonie,Petralia Sottana,PA,37.87710,14.02155,1530,,,,,,,,,"Neviera a conca totalmente cancellata, ma se la ricorda l'anziano Giuseppe Intravartolo di Polizzi Generosa",Ormai inesistente,,,Luigi Romana,,,
15/03/2018 21.58.05,,Piano Cervi \ 1,Piano Cervi - Madonie,Polizzi Generosa,PA,37.87235,13.99020,1500,,,,,20,,,,"Questa neviera è a stento leggibile, il fondo è ormai quasi colmo di materiale",pessimo,,,Luigi Romana,"Da Polizzi Generosa  si prosegue per Piano Battaglia. Giunti a Portella Colla si va a sinistra, a piedi, verso Piano Cervi. ",,
15/03/2018 22.03.44,,Piano Cervi \ 2,Piano Cervi - Madonie,Polizzi Generosa,PA,37.87263,13.98980,1500,,,,,22,,,,"Neviera a conca, difficile rilevarne la profondità; in inverno conserva l'acqua come un piccolo laghetto, infatti viene chiamato anche laghetto di Piano Cervi.",pessimo,,,Luigi Romana,Vedi Neviera di Piano Cervi \ 1 ,,
15/03/2018 22.07.28,,Piano Cervi \ 3,Piano Cervi - Madonie,Polizzi Generosa,PA,37.87293,13.98907,1503,,,,,16,,,,Neviera a conca quasi colma,pessimo,,,Luigi Romana,,,
15/03/2018 22.14.46,,Piano Cervi \ 4,Piano Cervi - Madonie,Polizzi Generosa,PA,37.87252,13.98442,1517,,,,,14,,,,Neviera a conca,discreto,,,Luigi Romana,Vedi neviera Piano Cervi \ 1,"2,5",
17/03/2018 20.42.44,,Pineta \ 1,Pineta di Petralia Sottana,Petralia Sottana,PA,37.80628,14.09663,1060,,,,,0,,,,"Neviera a conca cancellata, di cui si ricorda il sig. Aurelio Sante Geraci, colmata per sistemazione di una fontana",cancellata,,,Luigi Romana,,,
17/03/2018 20.46.34,,Pineta \ 2,Pineta di Petralia Sottana,Petralia Sottana,PA,37.80842,14.09663,1043,,,,,0,,,,Vedi descrizione di Neviera Pineta  \ 1,cancellata,,,Luigi Romana,,,
21/03/2018 22.11.45,,Pizzuta \ 1,Monte Pizzuta ,Monreale,PA,37.99925,13.25552,1016,,,,,21,,,,Neviera a conca,buono,,,Luigi Romana,,"1,8",
21/03/2018 23.03.18,,Pizzuta \ 10,Monte Pizzuta,Monreale,PA,37.99132,13.25943,1212,,,,,23,,,,Neviera a conca,,,,Luigi Romana,,3,
21/03/2018 23.05.53,,Pizzuta \ 11,Monte Pizzuta,Monreale ,PA,37.99077,13.25972,1208,,,,,15,,,,Neviera a conca,buono,,,Luigi Romana,,2,
21/03/2018 23.09.28,,Pizzuta \ 12,Monte Pizzuta,Monreale,PA,37.99158,13.26008,1231,,,,,21,,,,Neviera a conca,buono,,,Luigi Romana,,"2,4",
21/03/2018 23.14.13,,Pizzuta \ 13,Monte Pizzuta,Monreale,PA,37.99242,13.25855,1195,21,14,,,,,,,Neviera a fossa rettangolare posta accanto ai ruderi del magazzino superiore,discreto,,,Luigi Romana,,"2,3",
21/03/2018 22.15.16,,Pizzuta \ 2,Monte Pizzuta,Monreale,PA,37.99685,13.25732,1056,,,,,20,,,,Neviera a conca,,,,Luigi Romana,,"1,7",
21/03/2018 22.18.05,,Pizzuta \ 3,Monte Pizzuta,Monreale,PA,37.99532,13.25915,1107,,,,,21,,,,Neviera a conca,,,,Luigi Romana,,"1,9",
21/03/2018 22.25.11,,Pizzuta \ 4,Monte Pizzuta,Monreale,PA,37.99537,13.26077,1112,,,,,22,,,,Neviera a conca,buono,,,Luigi Romana,,2,
21/03/2018 22.31.40,,Pizzuta \ 5,Monte Pizzuta,Monreale,PA,37.99460,13.25978,1129,,,,,16,,,,Neviera a conca,buono,,,Luigi Romana,,"1,4",
21/03/2018 22.41.08,,Pizzuta \ 6,Monte Pizzuta ,Monreale,PA,37.99365,13.25937,1161,,,,,24,,,,Neviera a conca,,,,Luigi Romana,,2,
21/03/2018 22.45.54,,Pizzuta \ 7,Monte Pizzuta,Monreale,PA,37.99308,13.25853,1173,,,,,16,,,,Neviera a conca,buono,,,Luigi Romana,,"1,9",
21/03/2018 22.55.01,,Pizzuta \ 8,Monte Pizzuta,Monreale,PA,37.99300,13.25885,1174,,,,,20,,,,Neviera a conca,buono,,,Luigi Romana,,"2,1",
21/03/2018 22.58.07,,Pizzuta \ 9,Monte Pizzuta,Monreale,PA,37.99268,13.25978,1194,,,,,24,,,,Neviera a conca,buono,,,Luigi Romana,,2,
19/03/2018 21.41.28,,Principessa \ 1,Piano Principessa - Madonie,Petralia Sottana,PA,37.89355,14.03890,1879,,,,,13,,,,Neviera a conca,discreto,,,Luigi Romana,"Si lascia l'auto nel Piano di Battaglietta, si segue il sentiero fino a Zotta Fonda, superata la quale si devia verso sinistra e si sale fino a Piano Principessa.","1,7",
19/03/2018 21.45.18,,Principessa \ 2,Piano Principessa - Madonie,Petralia Sottana,PA,37.89400,14.03963,1866,,,,,17,,,,Neviera a conca,buono,,,Luigi Romana,Vedi Neviera Principessa  \ 1,"2,3",
16/03/2018 20.16.01,,Principessa \ 3,Piano Principessa - Madonie,Petralia Sottana,PA,37.89437,14.03968,1867,,,,,8,,,,Neviera a conca,discreto,,,Luigi Romana,Vedi Neviera Principessa  \ 1,"1,7",
16/03/2018 20.20.07,,Principessa \ 4,Piano Principessa - Madonie,Petralia Sottana,PA,37.89448,14.03973,1864,,,,,17,,,,Neviera a conca,discreto,,,Luigi Romana,Vedi Neviera Principessa \ 1 ,"2,5",
16/03/2018 20.28.08,,Principessa \ 5,Piano Principessa - Madonie,Petralia Sottana,PA,37.89465,14.04008,1860,,,,,10,,,,Difficile capire se si tratta  di un pozzo naturale o artificiale,ottimo. Con normali nevicate invernali conserva la neve sino ad agosto,,,Peppino Intravartolo (1925-2008),Vedi Neviera Principessa  \ 1,30,
16/03/2018 20.47.25,,Principessa \ 6,Piano Principessa - Madonie,Petralia Sottana,PA,37.89197,14.03693,1906,,,,,22,,,,Neviera a conca,buono,,,Luigi Romana,Vedi Neviera Principessa \ 1,"1,9",
22/03/2018 20.43.11,,Rose \ 1,Monte Rose,Palazzo Adriano,PA,37.65878,13.41513,1298,,,,,10,,,,Neviera a conca,discreto,,,Luigi Romana,,"0,5",
22/03/2018 20.45.44,,Rose \ 2,Monte Rose,Palazzo Adriano,PA,37.65880,13.41522,1293,,,,,8,,,,Neviera a conca,discreto,,,Luigi Romana,,"0,7",
22/03/2018 20.52.04,,Rose \ 3,Monte Rose,Palazzo Adriano,PA,37.65852,13.41645,1297,20,10,,,,,,,Neviera a fossa rettangolare,buono,,,Luigi Romana,,"2,5",
22/03/2018 20.57.47,,Rose Dui Pagliara,Monte Rose,Palazzo Adriano,PA,37.65752,13.41198,1344,,,,,19,,,,Neviera a conca,buono,,,Luigi Romana,,"2,2",
22/03/2018 20.49.04,,Rose Minnisa,Monte Rose,Palazzo Adriano,PA,37.65860,13.41553,1302,,,,,15,,,,Neviera a conca,buono,,,Luigi Romana,,"2,2",
22/03/2018 20.55.08,,Rose Pappadà,Monte Rose,Palazzo Adriano,PA,37.65818,13.41305,1319,,,,,18,,,,Neviera a conca,buono,,,Luigi Romana,,3,
22/03/2018 20.40.20,,Rose Secula,Monte Rose,Palazzo Adriano,PA,37.66113,13.41335,1237,14,9,,,,,,,Neviera a fossa rettangolare,,,,Luigi Romana,,"1,2",
20/03/2018 21.55.42,,San Calogero \ 1,Monte San Calogero,Caccamo,PA,37.93817,13.72440,1005,,,,,10,,,,Neviera a conca,discreto,,,Luigi Romana,"Superata Caccamo, si prosegue verso la riserva San Calogero",1,
20/03/2018 22.02.26,,San Calogero \ 2,Monte San Calogero,Caccamo,PA,37.93197,13.72845,967,,,,,17,,,,"Neviera a conca che si è trasformata in laghetto, tiene l'acqua anche nel periodo estivo. La contrada si chiama ""Vaddi a nivera""",,,,Luigi Romana,Vedi Neviera San Calogero \ 1,"2,5",
19/03/2018 21.49.26,,San Martino,San Martino delle Scale,Monreale,PA,38.09940,13.24982,796,"12,5","12,2",,,,"0,7",5,,"Trattasi di neviera a edificio, quasi quadrata, dimensioni 12,5m x 12,25 m ",i muri sono in buono stato; manca il tetto; non si riesce a comprenderne la profondità a causa dei materiali che si sono accumulati nel fondo.,"difficile da stabilire; forse era una neviera del monastero, ma occorre effettuare ricerca archivistica per verificare questa ipotesi.",,Luigi Romana,"Da Monreale si sale fino al borgo di San Martino delle Scale, seguire le indicazioni per Costa Neviera ",,
20/03/2018 21.43.05,,San Mauro,San Mauro Castelverde ,San Mauro Castelverde ,PA,37.91092,14.19553,971,,,,,,,,,Neviera a conca illeggibile. se la ricorda l'anziano sig Domenico Colantoni.,pessimo,,,Luigi Romana,,,
13/08/2018 20.36.58,,Buccheri 11,Scalitta,Buccheri,SR,37.12197,14.84008,860,,,,,6,"1,2",,,"Si tratta di una neviera a cupola utilizzata fino alla fine del secolo XIX°. E' scavata in parte sulla roccia lungo un declivio e murata con una camicia a blocchi quadrati. Si tratta di opera di alto livello edilizio. Ha due bocche: una in alto di immissione, una in basso di prelievo, rivolta a ovest.",Buono,sec. XVII°,,Luigi Lombardo,"Si raggiunge Buccheri e piazza XXIV Maggio. Da qui si percorre la trazzera Scalitta per 500 m., sulla destra c'è il varco della Forestale, superato il quale si percorrono circa 200 m. in leggera discesa. Difficoltà minima.",9,
14/08/2018 18.49.36,,Buccheri 14; Neviera di Laurienzo,Contrada Piana Sottana: loc. Laurienzo,Buccheri,SR,37.11873,14.86387,870,,,,,6,"1,2",3,,Neviera del tipo a cupola ribassata. Presenta la particolarità di avere a lato i resti della casa dei nivaroli. E' costruita con blocchi di pietra vulcanica (pietra lavica).,Pessimo,sec. XVII°,,Luigi Lombardo,Si percorre la statale 124 e ci si ferma sulla destra a un chilometro dall'incrocio Buccheri-Giarratana-Ferla. Si scavalca un recinto e si percorrono appena 100 m,10,
15/08/2018 10.51.33,,Buccheri 15; Rutta a fezza,Castello-Pineta-Mulitta,Buccheri,SR,37.12977,14.84633,760,,,,,6,"1,25",,,Neviera a cupola simile a Buccheri 11. E' in parte scavata nella roccia e in parte costruita con grossi blocchi di pietra vulcanica ben squadrata. Questa neviera fu riusata a partire dai primi del 900 come deposito di feccia di vino e per questo venne riempita di detriti.,Pessimo,sec. XVII°,,Luigi Lombardo,"Si raggiunge percorrendo la trazzera mulitta-pineta, e tenendo presente che si trova proprio sotto la torre occidentale del castello feudale, da cui dista in linea d'aria 200 metri tutti in ripida discesa. ",,
23/03/2018 20.30.23,,Inici \ 1,Monte Inici,Castellammare del Golfo,TP,38.00558,12.85517,991,,,,,"5,2",,,,Neviera a conca,molto buono,,,Luigi Romana,,13,
23/03/2018 20.32.38,,Inici \ 2,Monte Inici,Castellammare del Golfo,TP,38.00450,12.85427,983,,,,,18,,,,Neviera a conca,molto buono,,,Luigi Romana,,"4,2",
23/03/2018 20.35.01,,Inici \ 3,Monte Inici,Castellammare del Golfo,TP,38.00382,12.85382,,,,,,13,,,,Neviera a conca,buono,,,Luigi Romana,,"2,5",
23/03/2018 20.37.40,,Inici \ 4,Monte Inici,Castellammare del Golfo,TP,38.00445,12.85360,979,,,,,12,,,,Neviera a conca,discreto,,,Luigi Romana,,2,
23/03/2018 20.40.57,,Inici \ 5,Monte Inici,Castellammare del Golfo,TP,38.00512,12.85440,990,,,,,18,,,,"Neviera a conca, integra la scala di accesso fino al fondo della neviera",ottimo,,,Luigi Romana,,3,
23/03/2018 20.43.47,,Inici \ 6,Monte Inici,Castellammare del Golfo,TP,38.00525,12.85747,976,,,,,18,,,,Neviera a conca,buono,,,Luigi Romana,,"3,6",
23/03/2018 20.46.20,,Inici \ 7,Monte Inici,Castellammare del Golfo,TP,38.00452,12.85927,957,,,,,17,,,,Neviera a conca,buono,,,Luigi Romana,,"3,3",
23/03/2018 20.49.11,,Inici \ 8,Monte Inici,Castellammare del Golfo,TP,38.00415,12.85953,953,,,,,11,,,,Neviera a conca,buono,,,Luigi Romana,,"1,8",
23/03/2018 20.51.41,,Inici \ 9,Monte Inici,Castellammare del Golfo,TP,38.00403,12.85962,957,,,,,13,,,,Neviera a conca,buono,,,Luigi Romana,,"2,2",
